Phase,Current,Normalized Current,Freq Bin,Signal Type,Speed
0.0095,313.77954,0.27770513,35–45,Inhibitory,slow
0.03,323.98288,0.30469668,35–45,Inhibitory,slow
0.05,337.55746,0.34351906,35–45,Inhibitory,slow
0.07,350.97964,0.38577685,35–45,Inhibitory,slow
0.09,358.38242,0.40614846,35–45,Inhibitory,slow
0.11,362.37787,0.4167174,35–45,Inhibitory,slow
0.13,367.97125,0.43061563,35–45,Inhibitory,slow
0.15000000000000002,370.6037,0.4427151,35–45,Inhibitory,slow
0.16999999999999998,372.48807,0.4483389,35–45,Inhibitory,slow
0.19,373.5971,0.44797337,35–45,Inhibitory,slow
0.21000000000000002,371.83432,0.444114,35–45,Inhibitory,slow
0.22999999999999998,372.439,0.44961527,35–45,Inhibitory,slow
0.25,373.87006,0.45299816,35–45,Inhibitory,slow
0.27,367.54288,0.43406665,35–45,Inhibitory,slow
0.29000000000000004,363.4125,0.42033818,35–45,Inhibitory,slow
0.31,360.23776,0.40994194,35–45,Inhibitory,slow
0.33,357.23398,0.40348122,35–45,Inhibitory,slow
0.35,354.82257,0.39824384,35–45,Inhibitory,slow
0.37,353.11542,0.38916233,35–45,Inhibitory,slow
0.39,355.55075,0.38777542,35–45,Inhibitory,slow
0.41000000000000003,360.72308,0.39622694,35–45,Inhibitory,slow
0.43,362.79108,0.40388966,35–45,Inhibitory,slow
0.45,365.55573,0.40939033,35–45,Inhibitory,slow
0.47,371.89493,0.42344514,35–45,Inhibitory,slow
0.49,381.22107,0.44468236,35–45,Inhibitory,slow
0.51,390.861,0.4664823,35–45,Inhibitory,slow
0.53,400.6776,0.4959193,35–45,Inhibitory,slow
0.55,406.38882,0.51396847,35–45,Inhibitory,slow
0.5700000000000001,411.81644,0.53364176,35–45,Inhibitory,slow
0.59,417.5611,0.5528025,35–45,Inhibitory,slow
0.61,419.87405,0.55831605,35–45,Inhibitory,slow
0.63,419.03455,0.5530769,35–45,Inhibitory,slow
0.65,413.45157,0.536034,35–45,Inhibitory,slow
0.67,408.90402,0.52459097,35–45,Inhibitory,slow
0.69,406.13596,0.5201295,35–45,Inhibitory,slow
0.71,403.86728,0.51438177,35–45,Inhibitory,slow
0.73,397.19965,0.4963455,35–45,Inhibitory,slow
0.75,390.04602,0.47105652,35–45,Inhibitory,slow
0.77,383.58627,0.4524788,35–45,Inhibitory,slow
0.79,377.2705,0.43821594,35–45,Inhibitory,slow
0.81,370.81546,0.42148808,35–45,Inhibitory,slow
0.83,363.6387,0.39757508,35–45,Inhibitory,slow
0.85,355.28796,0.3714447,35–45,Inhibitory,slow
0.87,347.8793,0.34762096,35–45,Inhibitory,slow
0.89,342.29047,0.32427022,35–45,Inhibitory,slow
0.91,336.23398,0.30258882,35–45,Inhibitory,slow
0.9299999999999999,330.6123,0.2828575,35–45,Inhibitory,slow
0.95,325.898,0.26261136,35–45,Inhibitory,slow
0.97,321.45786,0.24427857,35–45,Inhibitory,slow
0.99,319.2851,0.24193753,35–45,Inhibitory,slow
0.0095,347.6013,0.28242078,45+,Inhibitory,slow
0.03,360.11124,0.3185505,45+,Inhibitory,slow
0.05,371.52872,0.3440486,45+,Inhibitory,slow
0.07,381.50607,0.36661342,45+,Inhibitory,slow
0.09,389.7092,0.39576232,45+,Inhibitory,slow
0.11,399.7014,0.43256912,45+,Inhibitory,slow
0.13,403.93982,0.45417112,45+,Inhibitory,slow
0.15000000000000002,406.46597,0.4566286,45+,Inhibitory,slow
0.16999999999999998,414.26364,0.48086697,45+,Inhibitory,slow
0.19,417.86716,0.48725337,45+,Inhibitory,slow
0.21000000000000002,419.50638,0.48510382,45+,Inhibitory,slow
0.22999999999999998,413.5058,0.46826527,45+,Inhibitory,slow
0.25,411.57526,0.4689572,45+,Inhibitory,slow
0.27,411.7534,0.46422687,45+,Inhibitory,slow
0.29000000000000004,419.09116,0.48139352,45+,Inhibitory,slow
0.31,428.67615,0.49695057,45+,Inhibitory,slow
0.33,433.11508,0.5039763,45+,Inhibitory,slow
0.35,438.82834,0.507152,45+,Inhibitory,slow
0.37,441.21335,0.51129824,45+,Inhibitory,slow
0.39,440.47784,0.5037241,45+,Inhibitory,slow
0.41000000000000003,441.6692,0.4998163,45+,Inhibitory,slow
0.43,441.03442,0.49750945,45+,Inhibitory,slow
0.45,442.7576,0.50006306,45+,Inhibitory,slow
0.47,448.88733,0.50459087,45+,Inhibitory,slow
0.49,453.35132,0.5097531,45+,Inhibitory,slow
0.51,454.2141,0.51147157,45+,Inhibitory,slow
0.53,455.26663,0.51295495,45+,Inhibitory,slow
0.55,457.95728,0.5222553,45+,Inhibitory,slow
0.5700000000000001,458.31488,0.51888144,45+,Inhibitory,slow
0.59,463.51657,0.5278543,45+,Inhibitory,slow
0.61,471.42648,0.5468088,45+,Inhibitory,slow
0.63,474.66357,0.56436706,45+,Inhibitory,slow
0.65,477.88467,0.5697248,45+,Inhibitory,slow
0.67,473.7929,0.5503043,45+,Inhibitory,slow
0.69,467.2261,0.5360466,45+,Inhibitory,slow
0.71,462.54318,0.52037627,45+,Inhibitory,slow
0.73,458.84854,0.50793517,45+,Inhibitory,slow
0.75,452.09338,0.49221736,45+,Inhibitory,slow
0.77,444.2939,0.46865022,45+,Inhibitory,slow
0.79,437.16977,0.44794756,45+,Inhibitory,slow
0.81,430.6738,0.43017027,45+,Inhibitory,slow
0.83,426.02335,0.4157072,45+,Inhibitory,slow
0.85,418.33502,0.3871995,45+,Inhibitory,slow
0.87,411.07697,0.36574408,45+,Inhibitory,slow
0.89,403.63242,0.35173497,45+,Inhibitory,slow
0.91,398.4857,0.340583,45+,Inhibitory,slow
0.9299999999999999,392.50696,0.3321829,45+,Inhibitory,slow
0.95,386.6,0.31953543,45+,Inhibitory,slow
0.97,382.32608,0.29986227,45+,Inhibitory,slow
0.99,380.56137,0.29200703,45+,Inhibitory,slow
0.0095,132.8667,0.36115432,25–35,Inhibitory,slow
0.03,133.51985,0.3591661,25–35,Inhibitory,slow
0.05,134.916,0.36117858,25–35,Inhibitory,slow
0.07,136.04013,0.36324614,25–35,Inhibitory,slow
0.09,137.32243,0.36512893,25–35,Inhibitory,slow
0.11,137.97046,0.3671576,25–35,Inhibitory,slow
0.13,139.48889,0.3717248,25–35,Inhibitory,slow
0.15000000000000002,140.45534,0.37652555,25–35,Inhibitory,slow
0.16999999999999998,141.05199,0.38250482,25–35,Inhibitory,slow
0.19,141.6233,0.38619536,25–35,Inhibitory,slow
0.21000000000000002,141.6415,0.3869886,25–35,Inhibitory,slow
0.22999999999999998,141.25537,0.3874174,25–35,Inhibitory,slow
0.25,140.9398,0.3871031,25–35,Inhibitory,slow
0.27,140.59943,0.38591143,25–35,Inhibitory,slow
0.29000000000000004,140.22943,0.38463888,25–35,Inhibitory,slow
0.31,140.39557,0.38437518,25–35,Inhibitory,slow
0.33,139.39146,0.37937978,25–35,Inhibitory,slow
0.35,138.88809,0.37653565,25–35,Inhibitory,slow
0.37,138.5579,0.37524188,25–35,Inhibitory,slow
0.39,139.19138,0.37880275,25–35,Inhibitory,slow
0.41000000000000003,140.15886,0.38488963,25–35,Inhibitory,slow
0.43,142.04985,0.39429143,25–35,Inhibitory,slow
0.45,144.63019,0.41290846,25–35,Inhibitory,slow
0.47,147.33171,0.43403712,25–35,Inhibitory,slow
0.49,150.29433,0.4529901,25–35,Inhibitory,slow
0.51,152.35239,0.4620171,25–35,Inhibitory,slow
0.53,155.29796,0.4771771,25–35,Inhibitory,slow
0.55,158.17934,0.4930178,25–35,Inhibitory,slow
0.5700000000000001,160.65631,0.5055951,25–35,Inhibitory,slow
0.59,163.52911,0.5236898,25–35,Inhibitory,slow
0.61,165.32352,0.5382252,25–35,Inhibitory,slow
0.63,166.09985,0.54928297,25–35,Inhibitory,slow
0.65,166.90887,0.5539954,25–35,Inhibitory,slow
0.67,166.1743,0.54930365,25–35,Inhibitory,slow
0.69,164.89746,0.5428442,25–35,Inhibitory,slow
0.71,163.557,0.53376377,25–35,Inhibitory,slow
0.73,161.64795,0.5212898,25–35,Inhibitory,slow
0.75,159.23561,0.5048675,25–35,Inhibitory,slow
0.77,156.86032,0.48755074,25–35,Inhibitory,slow
0.79,154.2612,0.46844244,25–35,Inhibitory,slow
0.81,151.6523,0.4467327,25–35,Inhibitory,slow
0.83,149.0373,0.4259298,25–35,Inhibitory,slow
0.85,146.6234,0.40556633,25–35,Inhibitory,slow
0.87,143.96107,0.38361084,25–35,Inhibitory,slow
0.89,141.27766,0.3600595,25–35,Inhibitory,slow
0.91,138.69614,0.33783603,25–35,Inhibitory,slow
0.9299999999999999,136.6361,0.3197778,25–35,Inhibitory,slow
0.95,134.38127,0.3014827,25–35,Inhibitory,slow
0.97,132.24136,0.2845494,25–35,Inhibitory,slow
0.99,130.11183,0.26842502,25–35,Inhibitory,slow
0.0095,167.66203,0.39279667,15–25,Inhibitory,slow
0.03,166.37675,0.3770846,15–25,Inhibitory,slow
0.05,164.17848,0.36181512,15–25,Inhibitory,slow
0.07,160.994,0.34409583,15–25,Inhibitory,slow
0.09,159.99936,0.3365341,15–25,Inhibitory,slow
0.11,157.83806,0.33045912,15–25,Inhibitory,slow
0.13,158.8433,0.33758858,15–25,Inhibitory,slow
0.15000000000000002,163.23534,0.34507978,15–25,Inhibitory,slow
0.16999999999999998,164.68977,0.34947467,15–25,Inhibitory,slow
0.19,167.41626,0.34886277,15–25,Inhibitory,slow
0.21000000000000002,167.95561,0.35142687,15–25,Inhibitory,slow
0.22999999999999998,168.56853,0.35345015,15–25,Inhibitory,slow
0.25,176.1721,0.3668369,15–25,Inhibitory,slow
0.27,179.98067,0.37142274,15–25,Inhibitory,slow
0.29000000000000004,179.93335,0.3606942,15–25,Inhibitory,slow
0.31,177.78658,0.3537536,15–25,Inhibitory,slow
0.33,176.216,0.35043523,15–25,Inhibitory,slow
0.35,175.56256,0.34810844,15–25,Inhibitory,slow
0.37,175.98663,0.34615338,15–25,Inhibitory,slow
0.39,175.88838,0.3510768,15–25,Inhibitory,slow
0.41000000000000003,177.87416,0.37200344,15–25,Inhibitory,slow
0.43,181.87714,0.3928024,15–25,Inhibitory,slow
0.45,182.80267,0.40248773,15–25,Inhibitory,slow
0.47,189.46306,0.41953525,15–25,Inhibitory,slow
0.49,192.19507,0.42079028,15–25,Inhibitory,slow
0.51,191.31036,0.4315928,15–25,Inhibitory,slow
0.53,190.1945,0.43097487,15–25,Inhibitory,slow
0.55,192.6585,0.4360428,15–25,Inhibitory,slow
0.5700000000000001,195.74428,0.44310662,15–25,Inhibitory,slow
0.59,196.32379,0.44321278,15–25,Inhibitory,slow
0.61,197.09752,0.44122732,15–25,Inhibitory,slow
0.63,198.82439,0.4480392,15–25,Inhibitory,slow
0.65,198.27167,0.43447515,15–25,Inhibitory,slow
0.67,196.76457,0.4194509,15–25,Inhibitory,slow
0.69,196.03145,0.41416845,15–25,Inhibitory,slow
0.71,194.81818,0.40580663,15–25,Inhibitory,slow
0.73,192.68187,0.40406346,15–25,Inhibitory,slow
0.75,189.1139,0.39196613,15–25,Inhibitory,slow
0.77,185.09749,0.37534606,15–25,Inhibitory,slow
0.79,181.08177,0.36126208,15–25,Inhibitory,slow
0.81,176.38348,0.334633,15–25,Inhibitory,slow
0.83,173.30524,0.3148875,15–25,Inhibitory,slow
0.85,170.85423,0.29575673,15–25,Inhibitory,slow
0.87,168.30348,0.28505024,15–25,Inhibitory,slow
0.89,164.86131,0.26691058,15–25,Inhibitory,slow
0.91,161.3814,0.2543439,15–25,Inhibitory,slow
0.9299999999999999,158.15318,0.24418686,15–25,Inhibitory,slow
0.95,154.68788,0.22323953,15–25,Inhibitory,slow
0.97,151.94585,0.21272701,15–25,Inhibitory,slow
0.99,149.27168,0.20043795,15–25,Inhibitory,slow
0.0095,-79.0033,0.48526654,25–35,Excitatory,slow
0.03,-81.38396,0.47201374,25–35,Excitatory,slow
0.05,-81.83363,0.46602982,25–35,Excitatory,slow
0.07,-82.2908,0.464992,25–35,Excitatory,slow
0.09,-82.59857,0.46644032,25–35,Excitatory,slow
0.11,-82.01883,0.47058296,25–35,Excitatory,slow
0.13,-80.45863,0.48075908,25–35,Excitatory,slow
0.15000000000000002,-78.781364,0.49686608,25–35,Excitatory,slow
0.16999999999999998,-76.91869,0.51602787,25–35,Excitatory,slow
0.19,-75.11219,0.5367794,25–35,Excitatory,slow
0.21000000000000002,-73.122604,0.5591987,25–35,Excitatory,slow
0.22999999999999998,-71.07658,0.58098954,25–35,Excitatory,slow
0.25,-69.11951,0.60263866,25–35,Excitatory,slow
0.27,-67.6737,0.6209318,25–35,Excitatory,slow
0.29000000000000004,-66.1244,0.63755465,25–35,Excitatory,slow
0.31,-64.54576,0.65455407,25–35,Excitatory,slow
0.33,-63.19184,0.67044306,25–35,Excitatory,slow
0.35,-61.95317,0.68836194,25–35,Excitatory,slow
0.37,-60.81998,0.70188266,25–35,Excitatory,slow
0.39,-59.84896,0.7141441,25–35,Excitatory,slow
0.41000000000000003,-59.124584,0.7244669,25–35,Excitatory,slow
0.43,-58.37413,0.7338505,25–35,Excitatory,slow
0.45,-57.773766,0.74211323,25–35,Excitatory,slow
0.47,-57.179386,0.7503453,25–35,Excitatory,slow
0.49,-56.6699,0.7591713,25–35,Excitatory,slow
0.51,-56.172253,0.76614606,25–35,Excitatory,slow
0.53,-55.66244,0.77389747,25–35,Excitatory,slow
0.55,-55.30188,0.78155637,25–35,Excitatory,slow
0.5700000000000001,-55.19989,0.7827636,25–35,Excitatory,slow
0.59,-54.99404,0.78624517,25–35,Excitatory,slow
0.61,-54.842014,0.7890418,25–35,Excitatory,slow
0.63,-54.418808,0.7945099,25–35,Excitatory,slow
0.65,-54.284023,0.79694194,25–35,Excitatory,slow
0.67,-54.40721,0.7944705,25–35,Excitatory,slow
0.69,-54.471733,0.79294086,25–35,Excitatory,slow
0.71,-54.57318,0.7898456,25–35,Excitatory,slow
0.73,-55.05816,0.7829738,25–35,Excitatory,slow
0.75,-55.265625,0.7774354,25–35,Excitatory,slow
0.77,-56.131207,0.7681143,25–35,Excitatory,slow
0.79,-56.646965,0.758973,25–35,Excitatory,slow
0.81,-57.384655,0.74412495,25–35,Excitatory,slow
0.83,-58.21771,0.7268946,25–35,Excitatory,slow
0.85,-59.424725,0.70586336,25–35,Excitatory,slow
0.87,-60.624073,0.68471545,25–35,Excitatory,slow
0.89,-62.097008,0.6622118,25–35,Excitatory,slow
0.91,-63.811756,0.6403111,25–35,Excitatory,slow
0.9299999999999999,-65.75946,0.6091668,25–35,Excitatory,slow
0.95,-67.68443,0.58008665,25–35,Excitatory,slow
0.97,-69.88144,0.55305064,25–35,Excitatory,slow
0.99,-72.27805,0.5300183,25–35,Excitatory,slow
0.0095,-83.70601,0.5397573,15–25,Excitatory,slow
0.03,-84.744545,0.51851696,15–25,Excitatory,slow
0.05,-86.00395,0.49404186,15–25,Excitatory,slow
0.07,-86.55693,0.47611067,15–25,Excitatory,slow
0.09,-87.275826,0.46505895,15–25,Excitatory,slow
0.11,-87.29284,0.45874318,15–25,Excitatory,slow
0.13,-87.8564,0.44927603,15–25,Excitatory,slow
0.15000000000000002,-87.52928,0.4484143,15–25,Excitatory,slow
0.16999999999999998,-87.52689,0.4482711,15–25,Excitatory,slow
0.19,-86.666084,0.45824236,15–25,Excitatory,slow
0.21000000000000002,-86.41295,0.4649264,15–25,Excitatory,slow
0.22999999999999998,-85.65114,0.47898442,15–25,Excitatory,slow
0.25,-84.888565,0.48869643,15–25,Excitatory,slow
0.27,-83.820244,0.5071865,15–25,Excitatory,slow
0.29000000000000004,-83.148834,0.52198505,15–25,Excitatory,slow
0.31,-82.30831,0.5371886,15–25,Excitatory,slow
0.33,-81.322556,0.55471313,15–25,Excitatory,slow
0.35,-80.601685,0.56870383,15–25,Excitatory,slow
0.37,-79.820366,0.5838016,15–25,Excitatory,slow
0.39,-79.06723,0.6000089,15–25,Excitatory,slow
0.41000000000000003,-78.44527,0.613917,15–25,Excitatory,slow
0.43,-77.61629,0.62887794,15–25,Excitatory,slow
0.45,-77.10638,0.64167804,15–25,Excitatory,slow
0.47,-76.84076,0.6492117,15–25,Excitatory,slow
0.49,-76.16722,0.6649126,15–25,Excitatory,slow
0.51,-75.50231,0.67801803,15–25,Excitatory,slow
0.53,-75.22027,0.6852092,15–25,Excitatory,slow
0.55,-74.865456,0.69464993,15–25,Excitatory,slow
0.5700000000000001,-74.32579,0.7075459,15–25,Excitatory,slow
0.59,-73.87799,0.7184484,15–25,Excitatory,slow
0.61,-73.63646,0.72911114,15–25,Excitatory,slow
0.63,-73.23962,0.73821557,15–25,Excitatory,slow
0.65,-72.95738,0.746976,15–25,Excitatory,slow
0.67,-72.8336,0.7528565,15–25,Excitatory,slow
0.69,-72.75193,0.756449,15–25,Excitatory,slow
0.71,-72.81414,0.75673074,15–25,Excitatory,slow
0.73,-72.87807,0.7581793,15–25,Excitatory,slow
0.75,-72.88901,0.7589999,15–25,Excitatory,slow
0.77,-72.98144,0.75689703,15–25,Excitatory,slow
0.79,-72.975716,0.75649244,15–25,Excitatory,slow
0.81,-73.31964,0.7513501,15–25,Excitatory,slow
0.83,-73.37097,0.74731696,15–25,Excitatory,slow
0.85,-73.65219,0.7387517,15–25,Excitatory,slow
0.87,-74.16831,0.72696406,15–25,Excitatory,slow
0.89,-75.17263,0.70479417,15–25,Excitatory,slow
0.91,-76.16557,0.686685,15–25,Excitatory,slow
0.9299999999999999,-77.0967,0.66711754,15–25,Excitatory,slow
0.95,-78.40319,0.64053756,15–25,Excitatory,slow
0.97,-79.550415,0.618707,15–25,Excitatory,slow
0.99,-80.562065,0.59941155,15–25,Excitatory,slow
0.0095,-133.30301,0.52279484,35–45,Excitatory,slow
0.03,-140.1202,0.4792711,35–45,Excitatory,slow
0.05,-143.41853,0.45940524,35–45,Excitatory,slow
0.07,-142.27219,0.4608012,35–45,Excitatory,slow
0.09,-141.26686,0.4673003,35–45,Excitatory,slow
0.11,-138.69391,0.47707355,35–45,Excitatory,slow
0.13,-138.0082,0.4956437,35–45,Excitatory,slow
0.15000000000000002,-134.10754,0.5143752,35–45,Excitatory,slow
0.16999999999999998,-127.54153,0.5425105,35–45,Excitatory,slow
0.19,-125.25085,0.56290764,35–45,Excitatory,slow
0.21000000000000002,-122.067604,0.58780843,35–45,Excitatory,slow
0.22999999999999998,-116.858925,0.60881704,35–45,Excitatory,slow
0.25,-114.520164,0.6297137,35–45,Excitatory,slow
0.27,-111.79292,0.6498617,35–45,Excitatory,slow
0.29000000000000004,-107.42212,0.6742932,35–45,Excitatory,slow
0.31,-104.45,0.6885838,35–45,Excitatory,slow
0.33,-100.24676,0.7103889,35–45,Excitatory,slow
0.35,-98.29854,0.72535276,35–45,Excitatory,slow
0.37,-94.69989,0.7436858,35–45,Excitatory,slow
0.39,-91.825195,0.75534534,35–45,Excitatory,slow
0.41000000000000003,-88.52406,0.7707748,35–45,Excitatory,slow
0.43,-86.21418,0.7802483,35–45,Excitatory,slow
0.45,-84.2783,0.79138947,35–45,Excitatory,slow
0.47,-81.20533,0.8039296,35–45,Excitatory,slow
0.49,-80.0478,0.81152594,35–45,Excitatory,slow
0.51,-78.04802,0.8186943,35–45,Excitatory,slow
0.53,-76.879684,0.823706,35–45,Excitatory,slow
0.55,-75.07888,0.8313083,35–45,Excitatory,slow
0.5700000000000001,-74.475746,0.8344335,35–45,Excitatory,slow
0.59,-74.492386,0.8341669,35–45,Excitatory,slow
0.61,-73.39519,0.84099984,35–45,Excitatory,slow
0.63,-73.29874,0.8416325,35–45,Excitatory,slow
0.65,-72.69917,0.8441273,35–45,Excitatory,slow
0.67,-72.51271,0.841909,35–45,Excitatory,slow
0.69,-72.70119,0.84148216,35–45,Excitatory,slow
0.71,-72.29549,0.84001875,35–45,Excitatory,slow
0.73,-72.74953,0.8370412,35–45,Excitatory,slow
0.75,-73.11388,0.83093524,35–45,Excitatory,slow
0.77,-74.11337,0.8202669,35–45,Excitatory,slow
0.79,-74.86819,0.8152123,35–45,Excitatory,slow
0.81,-76.21147,0.8033369,35–45,Excitatory,slow
0.83,-77.950226,0.7919144,35–45,Excitatory,slow
0.85,-80.02339,0.7740804,35–45,Excitatory,slow
0.87,-81.99211,0.7527376,35–45,Excitatory,slow
0.89,-83.96358,0.73783106,35–45,Excitatory,slow
0.91,-87.685715,0.71982247,35–45,Excitatory,slow
0.9299999999999999,-93.215965,0.6919178,35–45,Excitatory,slow
0.95,-97.67894,0.6606834,35–45,Excitatory,slow
0.97,-104.08586,0.6210476,35–45,Excitatory,slow
0.99,-112.12372,0.57657367,35–45,Excitatory,slow
0.0095,-71.24586,0.60127896,45+,Excitatory,slow
0.03,-75.51953,0.5727565,45+,Excitatory,slow
0.05,-76.01191,0.5550392,45+,Excitatory,slow
0.07,-72.91613,0.56963116,45+,Excitatory,slow
0.09,-74.51557,0.53369904,45+,Excitatory,slow
0.11,-74.35651,0.5212594,45+,Excitatory,slow
0.13,-74.11685,0.5167683,45+,Excitatory,slow
0.15000000000000002,-72.94541,0.5330905,45+,Excitatory,slow
0.16999999999999998,-73.313965,0.52530557,45+,Excitatory,slow
0.19,-71.78568,0.54015297,45+,Excitatory,slow
0.21000000000000002,-70.68653,0.56343555,45+,Excitatory,slow
0.22999999999999998,-69.64491,0.57237536,45+,Excitatory,slow
0.25,-67.70834,0.59033716,45+,Excitatory,slow
0.27,-66.51145,0.6009175,45+,Excitatory,slow
0.29000000000000004,-65.35155,0.6153375,45+,Excitatory,slow
0.31,-63.821835,0.6333134,45+,Excitatory,slow
0.33,-61.833496,0.6522778,45+,Excitatory,slow
0.35,-60.973625,0.65489906,45+,Excitatory,slow
0.37,-59.360046,0.67191684,45+,Excitatory,slow
0.39,-58.016132,0.6975696,45+,Excitatory,slow
0.41000000000000003,-57.71316,0.7067743,45+,Excitatory,slow
0.43,-56.26939,0.7213652,45+,Excitatory,slow
0.45,-55.492462,0.73381805,45+,Excitatory,slow
0.47,-56.951637,0.7343421,45+,Excitatory,slow
0.49,-56.971558,0.74367416,45+,Excitatory,slow
0.51,-55.03258,0.75826114,45+,Excitatory,slow
0.53,-52.573273,0.7702074,45+,Excitatory,slow
0.55,-52.85662,0.77206916,45+,Excitatory,slow
0.5700000000000001,-53.66269,0.77519983,45+,Excitatory,slow
0.59,-52.20966,0.79288685,45+,Excitatory,slow
0.61,-51.7958,0.7967897,45+,Excitatory,slow
0.63,-52.930294,0.7930533,45+,Excitatory,slow
0.65,-54.186954,0.783203,45+,Excitatory,slow
0.67,-53.707333,0.78633845,45+,Excitatory,slow
0.69,-51.45093,0.80155337,45+,Excitatory,slow
0.71,-51.35797,0.7966626,45+,Excitatory,slow
0.73,-52.10497,0.7910684,45+,Excitatory,slow
0.75,-53.3743,0.7763752,45+,Excitatory,slow
0.77,-54.307564,0.77345175,45+,Excitatory,slow
0.79,-55.11425,0.76796925,45+,Excitatory,slow
0.81,-55.264812,0.7682017,45+,Excitatory,slow
0.83,-55.74826,0.74434227,45+,Excitatory,slow
0.85,-57.48204,0.7335292,45+,Excitatory,slow
0.87,-58.356934,0.74257517,45+,Excitatory,slow
0.89,-60.110924,0.7240003,45+,Excitatory,slow
0.91,-61.419605,0.69862896,45+,Excitatory,slow
0.9299999999999999,-62.924145,0.6886263,45+,Excitatory,slow
0.95,-63.0227,0.68205476,45+,Excitatory,slow
0.97,-64.92441,0.6655451,45+,Excitatory,slow
0.99,-66.56815,0.6416379,45+,Excitatory,slow
0.0095,408.2917,0.43139973,35–45,Inhibitory,fast
0.03,402.75732,0.4078607,35–45,Inhibitory,fast
0.05,398.53003,0.3867861,35–45,Inhibitory,fast
0.07,397.19806,0.37416473,35–45,Inhibitory,fast
0.09,395.35406,0.36284596,35–45,Inhibitory,fast
0.11,395.08636,0.36096153,35–45,Inhibitory,fast
0.13,392.79788,0.35621262,35–45,Inhibitory,fast
0.15000000000000002,390.01907,0.3566741,35–45,Inhibitory,fast
0.16999999999999998,389.73,0.3655959,35–45,Inhibitory,fast
0.19,386.45126,0.36227813,35–45,Inhibitory,fast
0.21000000000000002,384.15738,0.36112252,35–45,Inhibitory,fast
0.22999999999999998,381.67474,0.3580023,35–45,Inhibitory,fast
0.25,382.3633,0.36384472,35–45,Inhibitory,fast
0.27,382.36456,0.36568373,35–45,Inhibitory,fast
0.29000000000000004,381.91367,0.37003255,35–45,Inhibitory,fast
0.31,381.9939,0.37483722,35–45,Inhibitory,fast
0.33,383.72446,0.3774897,35–45,Inhibitory,fast
0.35,386.4383,0.38006523,35–45,Inhibitory,fast
0.37,391.0253,0.3874048,35–45,Inhibitory,fast
0.39,393.94205,0.39947718,35–45,Inhibitory,fast
0.41000000000000003,399.16284,0.41798913,35–45,Inhibitory,fast
0.43,404.79202,0.43888927,35–45,Inhibitory,fast
0.45,410.9672,0.46448368,35–45,Inhibitory,fast
0.47,419.26215,0.48710248,35–45,Inhibitory,fast
0.49,429.0267,0.5181302,35–45,Inhibitory,fast
0.51,437.65897,0.5410843,35–45,Inhibitory,fast
0.53,444.3317,0.5528214,35–45,Inhibitory,fast
0.55,452.97156,0.57413787,35–45,Inhibitory,fast
0.5700000000000001,461.90005,0.5939794,35–45,Inhibitory,fast
0.59,469.48935,0.60622174,35–45,Inhibitory,fast
0.61,474.89166,0.61654824,35–45,Inhibitory,fast
0.63,481.3837,0.63126844,35–45,Inhibitory,fast
0.65,485.77982,0.6423579,35–45,Inhibitory,fast
0.67,485.03543,0.64635414,35–45,Inhibitory,fast
0.69,482.75186,0.6410713,35–45,Inhibitory,fast
0.71,479.45862,0.63977057,35–45,Inhibitory,fast
0.73,476.23434,0.6364756,35–45,Inhibitory,fast
0.75,471.08685,0.6171414,35–45,Inhibitory,fast
0.77,465.39133,0.5968682,35–45,Inhibitory,fast
0.79,458.73203,0.57609534,35–45,Inhibitory,fast
0.81,451.9112,0.549434,35–45,Inhibitory,fast
0.83,447.11063,0.53714055,35–45,Inhibitory,fast
0.85,440.96503,0.5200163,35–45,Inhibitory,fast
0.87,435.74927,0.4993605,35–45,Inhibitory,fast
0.89,430.21582,0.481221,35–45,Inhibitory,fast
0.91,424.22455,0.46434686,35–45,Inhibitory,fast
0.9299999999999999,418.8735,0.44770414,35–45,Inhibitory,fast
0.95,411.65646,0.41792247,35–45,Inhibitory,fast
0.97,406.08737,0.3951593,35–45,Inhibitory,fast
0.99,403.55142,0.37835556,35–45,Inhibitory,fast
0.0095,465.3067,0.37768665,45+,Inhibitory,fast
0.03,464.4809,0.36305973,45+,Inhibitory,fast
0.05,465.20712,0.3644758,45+,Inhibitory,fast
0.07,467.6586,0.36060283,45+,Inhibitory,fast
0.09,469.58548,0.3640885,45+,Inhibitory,fast
0.11,469.19397,0.36207375,45+,Inhibitory,fast
0.13,469.1173,0.3596528,45+,Inhibitory,fast
0.15000000000000002,466.77377,0.35592127,45+,Inhibitory,fast
0.16999999999999998,467.60886,0.36145914,45+,Inhibitory,fast
0.19,467.58914,0.3615085,45+,Inhibitory,fast
0.21000000000000002,468.7751,0.37713686,45+,Inhibitory,fast
0.22999999999999998,467.03574,0.37648582,45+,Inhibitory,fast
0.25,467.13736,0.3728044,45+,Inhibitory,fast
0.27,468.55283,0.37594736,45+,Inhibitory,fast
0.29000000000000004,470.4403,0.38003942,45+,Inhibitory,fast
0.31,472.58038,0.3866021,45+,Inhibitory,fast
0.33,475.68106,0.39350095,45+,Inhibitory,fast
0.35,483.46536,0.4037406,45+,Inhibitory,fast
0.37,492.95682,0.4179979,45+,Inhibitory,fast
0.39,502.90613,0.42970794,45+,Inhibitory,fast
0.41000000000000003,512.12726,0.44801432,45+,Inhibitory,fast
0.43,520.78235,0.46439558,45+,Inhibitory,fast
0.45,531.70526,0.4833019,45+,Inhibitory,fast
0.47,543.68994,0.51773405,45+,Inhibitory,fast
0.49,560.11926,0.5596893,45+,Inhibitory,fast
0.51,574.135,0.5872027,45+,Inhibitory,fast
0.53,590.06696,0.61922264,45+,Inhibitory,fast
0.55,608.4133,0.65958714,45+,Inhibitory,fast
0.5700000000000001,621.2107,0.6916542,45+,Inhibitory,fast
0.59,624.81836,0.7112885,45+,Inhibitory,fast
0.61,630.889,0.72418064,45+,Inhibitory,fast
0.63,629.81757,0.7245508,45+,Inhibitory,fast
0.65,630.5218,0.7203825,45+,Inhibitory,fast
0.67,631.3054,0.7176797,45+,Inhibitory,fast
0.69,631.8904,0.7154699,45+,Inhibitory,fast
0.71,628.4219,0.7062654,45+,Inhibitory,fast
0.73,623.0332,0.69080794,45+,Inhibitory,fast
0.75,616.37585,0.6703701,45+,Inhibitory,fast
0.77,609.1627,0.655357,45+,Inhibitory,fast
0.79,600.64526,0.636539,45+,Inhibitory,fast
0.81,591.2559,0.61092925,45+,Inhibitory,fast
0.83,584.19226,0.5893479,45+,Inhibitory,fast
0.85,576.4395,0.5662847,45+,Inhibitory,fast
0.87,568.5849,0.5498042,45+,Inhibitory,fast
0.89,560.90814,0.5301174,45+,Inhibitory,fast
0.91,552.78235,0.50752914,45+,Inhibitory,fast
0.9299999999999999,547.76447,0.4935495,45+,Inhibitory,fast
0.95,545.79224,0.47396305,45+,Inhibitory,fast
0.97,541.772,0.45096967,45+,Inhibitory,fast
0.99,537.40405,0.42827857,45+,Inhibitory,fast
0.0095,288.90433,0.42923728,25–35,Inhibitory,fast
0.03,287.22025,0.41317546,25–35,Inhibitory,fast
0.05,286.28528,0.3978235,25–35,Inhibitory,fast
0.07,284.67004,0.38173005,25–35,Inhibitory,fast
0.09,283.42694,0.36896887,25–35,Inhibitory,fast
0.11,282.71,0.35994062,25–35,Inhibitory,fast
0.13,281.3546,0.3494296,25–35,Inhibitory,fast
0.15000000000000002,280.48267,0.34081632,25–35,Inhibitory,fast
0.16999999999999998,280.6173,0.34029213,25–35,Inhibitory,fast
0.19,280.46643,0.34456018,25–35,Inhibitory,fast
0.21000000000000002,280.23157,0.35074475,25–35,Inhibitory,fast
0.22999999999999998,280.2999,0.35591736,25–35,Inhibitory,fast
0.25,280.08096,0.36396644,25–35,Inhibitory,fast
0.27,280.4597,0.368265,25–35,Inhibitory,fast
0.29000000000000004,280.6417,0.3698647,25–35,Inhibitory,fast
0.31,280.29355,0.36647335,25–35,Inhibitory,fast
0.33,280.02756,0.3633099,25–35,Inhibitory,fast
0.35,279.61288,0.3558535,25–35,Inhibitory,fast
0.37,279.1654,0.3503888,25–35,Inhibitory,fast
0.39,278.61926,0.34676197,25–35,Inhibitory,fast
0.41000000000000003,278.71017,0.3443008,25–35,Inhibitory,fast
0.43,279.79,0.3482666,25–35,Inhibitory,fast
0.45,281.1803,0.35420784,25–35,Inhibitory,fast
0.47,282.5813,0.36741927,25–35,Inhibitory,fast
0.49,285.28424,0.3810594,25–35,Inhibitory,fast
0.51,288.26297,0.395377,25–35,Inhibitory,fast
0.53,292.27258,0.41574988,25–35,Inhibitory,fast
0.55,296.2221,0.43669432,25–35,Inhibitory,fast
0.5700000000000001,300.39655,0.456983,25–35,Inhibitory,fast
0.59,304.30652,0.47730476,25–35,Inhibitory,fast
0.61,306.05753,0.48921835,25–35,Inhibitory,fast
0.63,306.9561,0.49561173,25–35,Inhibitory,fast
0.65,307.56946,0.49973863,25–35,Inhibitory,fast
0.67,308.02612,0.5046739,25–35,Inhibitory,fast
0.69,307.94232,0.5072511,25–35,Inhibitory,fast
0.71,306.91614,0.50211066,25–35,Inhibitory,fast
0.73,305.86197,0.49577346,25–35,Inhibitory,fast
0.75,304.22778,0.48626694,25–35,Inhibitory,fast
0.77,302.01508,0.47444576,25–35,Inhibitory,fast
0.79,299.83936,0.46097207,25–35,Inhibitory,fast
0.81,297.74646,0.44769105,25–35,Inhibitory,fast
0.83,295.88763,0.43389785,25–35,Inhibitory,fast
0.85,293.40118,0.4194196,25–35,Inhibitory,fast
0.87,291.17218,0.40597907,25–35,Inhibitory,fast
0.89,289.05893,0.39456847,25–35,Inhibitory,fast
0.91,287.31393,0.3832193,25–35,Inhibitory,fast
0.9299999999999999,285.64032,0.37134096,25–35,Inhibitory,fast
0.95,284.216,0.3628473,25–35,Inhibitory,fast
0.97,282.59427,0.34962684,25–35,Inhibitory,fast
0.99,281.1523,0.33772978,25–35,Inhibitory,fast
0.0095,591.661,0.34766716,15–25,Inhibitory,fast
0.03,588.90576,0.33382767,15–25,Inhibitory,fast
0.05,588.12537,0.32582504,15–25,Inhibitory,fast
0.07,586.81903,0.31769675,15–25,Inhibitory,fast
0.09,584.49817,0.30653894,15–25,Inhibitory,fast
0.11,582.72186,0.29651502,15–25,Inhibitory,fast
0.13,582.42914,0.29297462,15–25,Inhibitory,fast
0.15000000000000002,582.7029,0.28784534,15–25,Inhibitory,fast
0.16999999999999998,582.0122,0.28254732,15–25,Inhibitory,fast
0.19,582.32623,0.28041005,15–25,Inhibitory,fast
0.21000000000000002,581.21783,0.27676922,15–25,Inhibitory,fast
0.22999999999999998,579.7654,0.26918417,15–25,Inhibitory,fast
0.25,578.93896,0.26473624,15–25,Inhibitory,fast
0.27,577.0943,0.25585094,15–25,Inhibitory,fast
0.29000000000000004,576.90845,0.2523569,15–25,Inhibitory,fast
0.31,575.85077,0.24682279,15–25,Inhibitory,fast
0.33,574.7215,0.24188976,15–25,Inhibitory,fast
0.35,574.1234,0.24277598,15–25,Inhibitory,fast
0.37,574.2906,0.23962067,15–25,Inhibitory,fast
0.39,573.5827,0.23674954,15–25,Inhibitory,fast
0.41000000000000003,573.3317,0.23539452,15–25,Inhibitory,fast
0.43,572.8332,0.23094189,15–25,Inhibitory,fast
0.45,574.09314,0.2362719,15–25,Inhibitory,fast
0.47,576.7283,0.24649696,15–25,Inhibitory,fast
0.49,582.8983,0.27302212,15–25,Inhibitory,fast
0.51,593.341,0.31736156,15–25,Inhibitory,fast
0.53,606.5827,0.382236,15–25,Inhibitory,fast
0.55,620.7056,0.45229542,15–25,Inhibitory,fast
0.5700000000000001,628.7742,0.49566993,15–25,Inhibitory,fast
0.59,633.5771,0.5236113,15–25,Inhibitory,fast
0.61,637.82306,0.5449416,15–25,Inhibitory,fast
0.63,635.6662,0.52936304,15–25,Inhibitory,fast
0.65,635.4796,0.52896565,15–25,Inhibitory,fast
0.67,631.7045,0.5108169,15–25,Inhibitory,fast
0.69,626.8722,0.48871377,15–25,Inhibitory,fast
0.71,622.52655,0.46541685,15–25,Inhibitory,fast
0.73,618.324,0.44126052,15–25,Inhibitory,fast
0.75,612.84937,0.4187527,15–25,Inhibitory,fast
0.77,606.92645,0.38893387,15–25,Inhibitory,fast
0.79,602.75146,0.37046748,15–25,Inhibitory,fast
0.81,600.5526,0.34940457,15–25,Inhibitory,fast
0.83,597.86523,0.33305705,15–25,Inhibitory,fast
0.85,595.3707,0.31834435,15–25,Inhibitory,fast
0.87,591.17786,0.3051303,15–25,Inhibitory,fast
0.89,590.3623,0.2950736,15–25,Inhibitory,fast
0.91,590.13947,0.2907901,15–25,Inhibitory,fast
0.9299999999999999,587.4726,0.27831692,15–25,Inhibitory,fast
0.95,585.6535,0.27182394,15–25,Inhibitory,fast
0.97,584.2475,0.26692614,15–25,Inhibitory,fast
0.99,581.4957,0.25583497,15–25,Inhibitory,fast
0.0095,-284.18948,0.47854897,45+,Excitatory,fast
0.03,-303.45447,0.41520363,45+,Excitatory,fast
0.05,-308.048,0.40239882,45+,Excitatory,fast
0.07,-311.49594,0.38852116,45+,Excitatory,fast
0.09,-314.6949,0.38872123,45+,Excitatory,fast
0.11,-317.26672,0.38819176,45+,Excitatory,fast
0.13,-308.24832,0.41227412,45+,Excitatory,fast
0.15000000000000002,-311.97327,0.41609228,45+,Excitatory,fast
0.16999999999999998,-306.09592,0.43713585,45+,Excitatory,fast
0.19,-293.92627,0.46883196,45+,Excitatory,fast
0.21000000000000002,-285.26202,0.49412882,45+,Excitatory,fast
0.22999999999999998,-278.3345,0.5255037,45+,Excitatory,fast
0.25,-269.9994,0.55619663,45+,Excitatory,fast
0.27,-255.82939,0.5847785,45+,Excitatory,fast
0.29000000000000004,-248.34953,0.60772395,45+,Excitatory,fast
0.31,-240.81401,0.6334587,45+,Excitatory,fast
0.33,-233.25076,0.6607592,45+,Excitatory,fast
0.35,-222.08597,0.6931019,45+,Excitatory,fast
0.37,-213.2938,0.71376127,45+,Excitatory,fast
0.39,-205.72243,0.7387248,45+,Excitatory,fast
0.41000000000000003,-196.62996,0.7610895,45+,Excitatory,fast
0.43,-191.0261,0.7772265,45+,Excitatory,fast
0.45,-184.477,0.79717016,45+,Excitatory,fast
0.47,-178.94695,0.8150346,45+,Excitatory,fast
0.49,-175.28647,0.8309554,45+,Excitatory,fast
0.51,-170.1512,0.84715587,45+,Excitatory,fast
0.53,-167.13576,0.8574971,45+,Excitatory,fast
0.55,-164.47282,0.86144924,45+,Excitatory,fast
0.5700000000000001,-162.64012,0.86919177,45+,Excitatory,fast
0.59,-160.98373,0.8760775,45+,Excitatory,fast
0.61,-158.42078,0.8861094,45+,Excitatory,fast
0.63,-157.21437,0.89203924,45+,Excitatory,fast
0.65,-157.24869,0.8926188,45+,Excitatory,fast
0.67,-158.13358,0.8909899,45+,Excitatory,fast
0.69,-158.1945,0.88750696,45+,Excitatory,fast
0.71,-157.26608,0.8921205,45+,Excitatory,fast
0.73,-157.88872,0.8910681,45+,Excitatory,fast
0.75,-158.80705,0.8896551,45+,Excitatory,fast
0.77,-159.45407,0.88245296,45+,Excitatory,fast
0.79,-160.1853,0.87480557,45+,Excitatory,fast
0.81,-162.5825,0.87111723,45+,Excitatory,fast
0.83,-164.38919,0.86350054,45+,Excitatory,fast
0.85,-165.58699,0.8555245,45+,Excitatory,fast
0.87,-168.598,0.84239554,45+,Excitatory,fast
0.89,-174.41417,0.8282612,45+,Excitatory,fast
0.91,-180.77075,0.79814726,45+,Excitatory,fast
0.9299999999999999,-190.19775,0.7611597,45+,Excitatory,fast
0.95,-203.72183,0.71725124,45+,Excitatory,fast
0.97,-217.68188,0.66960293,45+,Excitatory,fast
0.99,-234.61035,0.6113905,45+,Excitatory,fast
0.0095,-201.07716,0.5065302,35–45,Excitatory,fast
0.03,-211.2951,0.46071732,35–45,Excitatory,fast
0.05,-218.89838,0.42708254,35–45,Excitatory,fast
0.07,-218.81972,0.42303485,35–45,Excitatory,fast
0.09,-219.90685,0.4168829,35–45,Excitatory,fast
0.11,-222.55356,0.41545972,35–45,Excitatory,fast
0.13,-217.21474,0.43074512,35–45,Excitatory,fast
0.15000000000000002,-212.10591,0.45018905,35–45,Excitatory,fast
0.16999999999999998,-207.28568,0.46484354,35–45,Excitatory,fast
0.19,-202.26569,0.48569572,35–45,Excitatory,fast
0.21000000000000002,-194.12932,0.51755625,35–45,Excitatory,fast
0.22999999999999998,-189.26286,0.53883225,35–45,Excitatory,fast
0.25,-184.4819,0.5664909,35–45,Excitatory,fast
0.27,-179.90813,0.5889979,35–45,Excitatory,fast
0.29000000000000004,-174.55042,0.61874884,35–45,Excitatory,fast
0.31,-169.83145,0.6415599,35–45,Excitatory,fast
0.33,-165.45268,0.6642582,35–45,Excitatory,fast
0.35,-159.83934,0.6876148,35–45,Excitatory,fast
0.37,-154.62268,0.70784646,35–45,Excitatory,fast
0.39,-150.39944,0.7280995,35–45,Excitatory,fast
0.41000000000000003,-146.17868,0.7469457,35–45,Excitatory,fast
0.43,-142.1286,0.7631371,35–45,Excitatory,fast
0.45,-139.21896,0.7783582,35–45,Excitatory,fast
0.47,-135.77571,0.79221237,35–45,Excitatory,fast
0.49,-132.94518,0.8033944,35–45,Excitatory,fast
0.51,-130.28146,0.8162245,35–45,Excitatory,fast
0.53,-128.12105,0.8243465,35–45,Excitatory,fast
0.55,-126.41751,0.83236074,35–45,Excitatory,fast
0.5700000000000001,-125.10736,0.8370047,35–45,Excitatory,fast
0.59,-124.305016,0.84096813,35–45,Excitatory,fast
0.61,-122.99134,0.8477002,35–45,Excitatory,fast
0.63,-122.67787,0.8505021,35–45,Excitatory,fast
0.65,-122.74538,0.85121244,35–45,Excitatory,fast
0.67,-122.72546,0.8524181,35–45,Excitatory,fast
0.69,-122.93591,0.850786,35–45,Excitatory,fast
0.71,-122.659935,0.8525283,35–45,Excitatory,fast
0.73,-122.99624,0.8533701,35–45,Excitatory,fast
0.75,-123.64567,0.85093725,35–45,Excitatory,fast
0.77,-124.41092,0.8462069,35–45,Excitatory,fast
0.79,-125.44386,0.8416978,35–45,Excitatory,fast
0.81,-126.358955,0.83819556,35–45,Excitatory,fast
0.83,-128.57028,0.8258082,35–45,Excitatory,fast
0.85,-130.51726,0.81408167,35–45,Excitatory,fast
0.87,-133.24701,0.79983497,35–45,Excitatory,fast
0.89,-136.98708,0.7824203,35–45,Excitatory,fast
0.91,-141.75589,0.7582992,35–45,Excitatory,fast
0.9299999999999999,-147.27936,0.7342969,35–45,Excitatory,fast
0.95,-154.95091,0.695787,35–45,Excitatory,fast
0.97,-163.14333,0.6573954,35–45,Excitatory,fast
0.99,-170.89102,0.6268837,35–45,Excitatory,fast
0.0095,-80.79828,0.5733109,25–35,Excitatory,fast
0.03,-82.277695,0.5525909,25–35,Excitatory,fast
0.05,-83.517365,0.5311778,25–35,Excitatory,fast
0.07,-84.4301,0.5121369,25–35,Excitatory,fast
0.09,-85.333496,0.49490878,25–35,Excitatory,fast
0.11,-85.97549,0.4781604,25–35,Excitatory,fast
0.13,-86.647545,0.46450084,25–35,Excitatory,fast
0.15000000000000002,-86.811516,0.45272192,25–35,Excitatory,fast
0.16999999999999998,-86.91118,0.4455445,25–35,Excitatory,fast
0.19,-87.001236,0.44099423,25–35,Excitatory,fast
0.21000000000000002,-86.46151,0.44155443,25–35,Excitatory,fast
0.22999999999999998,-85.99261,0.44375306,25–35,Excitatory,fast
0.25,-85.37996,0.44976196,25–35,Excitatory,fast
0.27,-84.736,0.4567958,25–35,Excitatory,fast
0.29000000000000004,-83.72034,0.46694753,25–35,Excitatory,fast
0.31,-82.96457,0.47575042,25–35,Excitatory,fast
0.33,-82.053444,0.48878083,25–35,Excitatory,fast
0.35,-81.02517,0.50201666,25–35,Excitatory,fast
0.37,-80.15326,0.5127545,25–35,Excitatory,fast
0.39,-79.40927,0.52504176,25–35,Excitatory,fast
0.41000000000000003,-78.54488,0.53911597,25–35,Excitatory,fast
0.43,-77.814285,0.55215096,25–35,Excitatory,fast
0.45,-76.98856,0.5666106,25–35,Excitatory,fast
0.47,-76.315445,0.57794684,25–35,Excitatory,fast
0.49,-75.66332,0.5903555,25–35,Excitatory,fast
0.51,-75.0535,0.60251504,25–35,Excitatory,fast
0.53,-74.489,0.61303395,25–35,Excitatory,fast
0.55,-73.97988,0.62454736,25–35,Excitatory,fast
0.5700000000000001,-73.51056,0.6347214,25–35,Excitatory,fast
0.59,-73.10307,0.643949,25–35,Excitatory,fast
0.61,-72.765015,0.65267795,25–35,Excitatory,fast
0.63,-72.53666,0.6601714,25–35,Excitatory,fast
0.65,-72.15734,0.66806376,25–35,Excitatory,fast
0.67,-71.90274,0.67550236,25–35,Excitatory,fast
0.69,-71.71864,0.68191475,25–35,Excitatory,fast
0.71,-71.5257,0.68848234,25–35,Excitatory,fast
0.73,-71.43155,0.692087,25–35,Excitatory,fast
0.75,-71.37856,0.69682777,25–35,Excitatory,fast
0.77,-71.37082,0.6990524,25–35,Excitatory,fast
0.79,-71.40723,0.7006792,25–35,Excitatory,fast
0.81,-71.38581,0.7028916,25–35,Excitatory,fast
0.83,-71.622444,0.7008793,25–35,Excitatory,fast
0.85,-71.73975,0.697511,25–35,Excitatory,fast
0.87,-72.2652,0.6922627,25–35,Excitatory,fast
0.89,-72.677185,0.6851904,25–35,Excitatory,fast
0.91,-73.130486,0.6763379,25–35,Excitatory,fast
0.9299999999999999,-73.814476,0.66406745,25–35,Excitatory,fast
0.95,-74.62112,0.64950866,25–35,Excitatory,fast
0.97,-75.6329,0.63104594,25–35,Excitatory,fast
0.99,-76.39402,0.6171218,25–35,Excitatory,fast
0.0095,-43.79685,0.6034012,15–25,Excitatory,fast
0.03,-44.51878,0.5898368,15–25,Excitatory,fast
0.05,-44.94783,0.5781378,15–25,Excitatory,fast
0.07,-45.552265,0.565056,15–25,Excitatory,fast
0.09,-46.33863,0.55153817,15–25,Excitatory,fast
0.11,-46.785847,0.54145205,15–25,Excitatory,fast
0.13,-47.12059,0.53400445,15–25,Excitatory,fast
0.15000000000000002,-47.69135,0.522591,15–25,Excitatory,fast
0.16999999999999998,-47.7654,0.519915,15–25,Excitatory,fast
0.19,-47.5674,0.51911193,15–25,Excitatory,fast
0.21000000000000002,-47.35307,0.5199766,15–25,Excitatory,fast
0.22999999999999998,-47.215576,0.5208744,15–25,Excitatory,fast
0.25,-46.992275,0.5252359,15–25,Excitatory,fast
0.27,-46.972992,0.5248249,15–25,Excitatory,fast
0.29000000000000004,-46.65669,0.5305909,15–25,Excitatory,fast
0.31,-45.93343,0.5405728,15–25,Excitatory,fast
0.33,-45.47793,0.5521101,15–25,Excitatory,fast
0.35,-44.916035,0.55930066,15–25,Excitatory,fast
0.37,-44.74326,0.5647421,15–25,Excitatory,fast
0.39,-44.087215,0.5756293,15–25,Excitatory,fast
0.41000000000000003,-44.009075,0.5830849,15–25,Excitatory,fast
0.43,-43.042824,0.5953255,15–25,Excitatory,fast
0.45,-42.546173,0.6079843,15–25,Excitatory,fast
0.47,-42.510433,0.61539817,15–25,Excitatory,fast
0.49,-42.375675,0.62390894,15–25,Excitatory,fast
0.51,-42.11437,0.6318225,15–25,Excitatory,fast
0.53,-41.501133,0.6446604,15–25,Excitatory,fast
0.55,-40.626766,0.6576196,15–25,Excitatory,fast
0.5700000000000001,-40.652153,0.6676839,15–25,Excitatory,fast
0.59,-40.187775,0.6792851,15–25,Excitatory,fast
0.61,-40.44867,0.6867389,15–25,Excitatory,fast
0.63,-39.540813,0.6912308,15–25,Excitatory,fast
0.65,-39.163124,0.6978301,15–25,Excitatory,fast
0.67,-38.980827,0.7046267,15–25,Excitatory,fast
0.69,-39.29554,0.7084964,15–25,Excitatory,fast
0.71,-39.26553,0.7062667,15–25,Excitatory,fast
0.73,-38.15863,0.7127868,15–25,Excitatory,fast
0.75,-38.108246,0.7168604,15–25,Excitatory,fast
0.77,-37.993965,0.7168859,15–25,Excitatory,fast
0.79,-38.36043,0.7167993,15–25,Excitatory,fast
0.81,-37.915024,0.7188819,15–25,Excitatory,fast
0.83,-37.877853,0.71910065,15–25,Excitatory,fast
0.85,-38.233227,0.7148081,15–25,Excitatory,fast
0.87,-38.40594,0.7119453,15–25,Excitatory,fast
0.89,-38.539635,0.70864195,15–25,Excitatory,fast
0.91,-38.753174,0.7045481,15–25,Excitatory,fast
0.9299999999999999,-39.40412,0.69605666,15–25,Excitatory,fast
0.95,-40.175045,0.68285924,15–25,Excitatory,fast
0.97,-40.68787,0.6732613,15–25,Excitatory,fast
0.99,-41.68577,0.6589562,15–25,Excitatory,fast
